{
  "schema": "kry_level1_sim_summary/v1",
  "label": "MEASURED on a PUBLIC corpus (MBPP) \u2014 NOT real company traffic, NOT an external-counterparty anchor",
  "honest_scope": "MBPP = public benchmark (real tasks, not real company traffic); deployable gate = executed tests (no oracle); net-not-gross; benchmark code is easier than production so the rate is an UPPER bound on the checkable slice; model-pair specific. Mechanism/lever-rate anchor only.",
  "mode": "live_real_api",
  "budget_cap_usd": 4.0,
  "cheap_model": "claude-haiku-4-5-20251001",
  "frontier_model": "claude-sonnet-4-6",
  "price_basis_usd_per_1M": {
    "claude-haiku-4-5-20251001": [
      1.0,
      5.0
    ],
    "claude-sonnet-4-6": [
      3.0,
      15.0
    ],
    "claude-opus-4-8": [
      15.0,
      75.0
    ]
  },
  "tasks_measured": 150,
  "cheap_test_pass": 121,
  "cheap_adequacy_rate": 0.8067,
  "cheap_adequacy_wilson95": [
    0.7361,
    0.8619
  ],
  "cheap_fail_rows_zeroed": 29,
  "frontier_test_pass": 136,
  "cheap_spend_usd": 0.138732,
  "frontier_spend_usd_measured_baseline": 0.251166,
  "demo_total_spend_usd": 0.389898,
  "measured_net_saving_usd": 0.070805,
  "net_cost_reduction_rate": 0.2819,
  "saving_rule": "sum over cheap-test-pass rows of (frontier_cost - cheap_cost); cheap-fail rows -> $0; verbose-cheap rows that cost more -> negative (net-not-gross).",
  "p0_pass_rows": 121,
  "row_digests": [
    "bcf70a816560fe782c0d97aa62a1f0d304d6cace3d7ee3032a2252f5bfa84379",
    "2a9cafc73998ba5bdc0aa746309d7ec9f4d39bb745f54e7a5d7e6e04edd2dc50",
    "e29dc7a0d228b5f5a8dada5b518076ff42d737ed848d077cff9f6d634f44823e",
    "6eb313b49adce3f009f5be89058b0c2f89c76ce1974685f7f97c0c05c0718637",
    "352640d57871d7524fcc122353c33559a5c1a73a725962e1a92720f5dc841587",
    "7730d6053423ef48b63b32dd17f871220b87d6002f046827f5c5e9f92b3853e1",
    "1f2dc63cf6a8b9c05bbb9cbe3804faf40436fd9fea7f62ee09b42dcbb7a840ea",
    "9500e8dc7ba537a3a66e809ae52bd7a9d27c3edfa3407f1a63f1e17f5f99e2cd",
    "37b8b7b7bc45082394da7528602f95f22dc29e96d32401d126c11d0542a49324",
    "9790ea268451e8f6e466c8aa1827058b7d5de53b570d7f1d2e97d22a895fda00",
    "c8ac6d68411057df48068d1f3e7bfbd427a339972cfbfb5e559028775a913bb5",
    "e86ce83642b6f119fd15b243e830b66031d2eed6af6445cc0eded2810ca72162",
    "26b83c65c2044a80bc52194f0eb1e92efcfa417ab0fbceb6143853fce3d58cf1",
    "6733f841a3ab647c6c3eb8d11d6d16d4a64434b1a056df583e472be67d24c83c",
    "3ddc3a3c38a09979d7fe2258c3fe29b5e88d30074662c7cb872df97c550e2041",
    "f843c2aaadfdea78679a31fcb0493553e7116bde49124496e65394a2f217ad7c",
    "943d137f3e6f3fb550681b8c0e5b582c4915a69ec497f2c52ba5628ea0b9e447",
    "dcd3428426f9b525df14340937feb280a13d336288342a140ef1f327c5e24bc7",
    "71b2d3a5cfd02d1f04e6c899c44dbdb5788eff69f7905c9fe2b185e9e89e7aa1",
    "68e328283ea6042d7ca1a2647cb1949c9753da6c6a9a1dd25eae6cd62c810466",
    "e7ca560f5553968dbd944c3bcc044307f8eefd8036a61a170f4dd2f1edcbb167",
    "7db50933617deffcd96cd2ffe20d72cd7a173e0a000f8857b562f6e965b1a8aa",
    "1997f34936efd144c44808e7894577e5f3c08b7988881bd3785fc49df6826c73",
    "21af8353bc462dac029b30dbd15570c5b0c20eef7212ff3d8cd294d96a634828",
    "2ba94fcd71a6660c29805378d5f20b551a543bd97a9f69b14757469b7e75b3ee",
    "a935d5b39420701073e10b0520057f676cb924d53358184e1431a91d589d1692",
    "fc60ae894df1c1d69ac8e5d36cc3bf1d132a5dfd79d5c671f68b047a1931bdab",
    "5ac9f4a0f4c9845676f7c9a164599948b8cef3473125ac842f92d70b24e16e0d",
    "f82497f81cbd0f91cbb96440be77d0e04006d45e2853099aa7b64ee66e42d8dc",
    "99be998a9e8b5df57f69b944e6faff1268481d6b0ce2ccf909f2b9ac0b6cba30",
    "d5e4c33de5316b11d5b97228e8c2d8e7dc7b5ec2d3148d45e6df3ed84bfd1b92",
    "7ed01633702a59c1d412d74b421d26f2f7d797c0b48a38de5936ff9c2b456e90",
    "3f98bb6942d734d6d9e419fa7a1ca5dc78a6e8e65954953ad0d9612eee788dc0",
    "0cdb00b3fe2cc8b88be44cce32950e0df398691b06e4440af990482a58be4646",
    "f53d4ae83d2632d2467afe51269567b177f685644f33f845575d6e9053884598",
    "1aa7c85b572a7c1497168e620e5c6007a21ea61100ed09b35267d4ff69630b5b",
    "3132933ea36c6939462b822f7cd190f6d53724ebc0ad2d2d6b27f26ca1d723e6",
    "3b888e14f9f142270c003735d9ec212ca412e7e53937aa2793ec3a6760f43ef9",
    "364eee8109621d34fce1c95e6d2e362eb7f1f603b03d1d96505748d60c32292c",
    "cdc8a0d848a4da092d61c8faa447711fdd63f2d5d1c0c5aa5d901676d413bf37",
    "bc29e7e26c68978bf3d66e7e6f4cb51c3f7456dca36e61a2504b5965c653d853",
    "2445aeebe3682f25631c9871020658ffac618f0a73252b130d11ab3bbbc4f142",
    "7a67865f0db25ac4338ac87ccf701df9040abc7465fd3bba01c3969c94204d79",
    "9d0373745ee15bb720bbeec8f4a184bc21b93bdecd527e202817d63cc6f45355",
    "490acde370a06fb82b1a2fb0b97f3752f6537c6188c4d463f57d66cb2b4133e1",
    "0f29dc4d5ca91c0690ad14e3de281934ba83d8cbf9e2a4784f9739c794933f4d",
    "19ab2ceb290d20eb776536f8bc9a93ce4dfb6427cc866d533cb6c242ac7582a8",
    "f79f2ba6790c2978c5b27f40070c9b3e64555050649399bfc3b3a590c3c41f22",
    "b00af41d3c00a2be9dc4048292e534e4a484e2f2f82a82ce1b45d472b7fcbf7b",
    "cb769ac77dd9b02a044f5b05a54752b7a327fe60b11d90b51ce00f1b3e3e2b9b",
    "e058b89bf61c694a6aaaf1e6278798e0cdc3d6c067ae2c03772d466f6eef7187",
    "29553944f98970b8718aec103672d3f9fb4f0d7e35637cd123fdab38d7128f9a",
    "549afadfa693a1eb4902fdcd301fd93e76aa4dfca87e7f454d4838f152c3be0c",
    "22a6af79ab7bd61dc538c6b1c8395673f22df07724be4a59412947d88627a7ab",
    "ac3a04ffd200bc69c5b1cff7798c8ebbf43fd56bdf2dd369cf77a982a5c80a0c",
    "151afb828ecb9eefc06914cc3061f7e5490460b6c243166160ce38efee0a4157",
    "c9856d0f2172238edbe6e378d629ba139c2c2d69eb4fedf147b08cd498ce40dd",
    "2045154ffa6b04106bb5d0ae7d7d12795463e71cdf83b9316d48b605d36ced12",
    "a34f3e5855b495fb0e4568f523b9332a2bd7710af80e551bcdcfbbe8fe3afaa8",
    "73090ba98b33337090709c68b81a650b5c77aee72db55efae17e7ed95729735a",
    "5f531cd1393ea9c51ff4d964a992bca3f3279a06adfe61aa5855bb6b9111ff9b",
    "1efc0e59a144a9f96646024c6ecb60c30d3f175d0739d19170f08f430d6768f9",
    "3064ec7a2490cbe2d9965634c2063a9bcbdd76e97a3e44cd5ed9b454d4ec344f",
    "6c5fc8f7b0c57090d7a35806ef082d0d19797487b335fca9fcb961b7c9921fd1",
    "322b72bc33169a5d829419de7e4d64df0d6bd1843e573da07b2ca86080828391",
    "8d44df663200c4ad43660c3948c251f4ede604a8cebba4503f8b766150fc9c5a",
    "b87d4c48eb7d81489cc10bebe1d3a832b947f20afdf9f5cd9a42b334ba8a625b",
    "ebe4c63703e6a10c8fa1499d44dc2b0ab2ea64baac8da650ff4474bde5fc69fc",
    "5dbfc2bad3811091713a6842284a1401825b27de60ba2dd2d9c463f696e34e3c",
    "e2492ead4c13d4e569c916070010dd899fd58bb365d08eec452afc22ad239877",
    "9afdac43205426488ad4a4730033b52d7c47d81d27e848e009bdb82247bad188",
    "936fbafa666133395e71fa606049a5d858455bba92fa69dce070e0228f9fb71b",
    "a3fe525a3508b2f0bd856acaebed82b28d821443371517cf307410ab9e28e4dc",
    "9969878e4e3b5513fad73ccc914e122ffacb9e80f72268577c3015d36dc4a1c3",
    "d5ad08a583d8d90fa3aee076cbd50ee1a4c07a145c99aeb32e468e0bd0e2de15",
    "4a89404a3ad3907d68c200bbd35672da755f01af1a24718dc06fd0f9a8212c3e",
    "3bd00be5f25db16596df3cf56017a762c7a2bf2a18ca10eb5fd2dfa97c81c205",
    "f3e1e82fdbe7bbc16928163fd21a89c8caf5e353dee02fd83b5d29e2f5b4dc2b",
    "6dfdf2c149de1c27f95947432103e8e9a3567d655656b932d11be3a5197fc33e",
    "b38846240781beb01c7b0470b47a3d85d645f0b4f63ba246bfce7a5b0e35e7c3",
    "0bbac2d767e2c050b5f50d79996ff9e577b5c7361542157fd0a16d8ff04e1d46",
    "d891910a1c5a71e12d88cb30115c9dae76a72dfa24bbeb72c0e6cf45cd2d712d",
    "df3bf82745c6851ff4fec64b54f4f775671668b0425c98c862aaf1fdc3965fb2",
    "d320c081fe401732b87e950726de037d0585380dc66a85066cf7ea4ba736d0ed",
    "318eccc06c4a18b37c0c72347524b5cc1a361da1015c5d4860a8bf7e3113e2e0",
    "407c82082b9bf0889a7bf209b878b4a33eb276528d59336645e526c76451ee15",
    "af68f66c8c82ab515028c3aecef431191bcf083d4addc5a69118a9c4c2f7236b",
    "4a69d5ac59dce94734e9cf3cf400b10ac5fc221ceaaa0aabc437a93e0c8221c5",
    "e8f357dec9f51fd7b516fd3f82ccd00c901d6286b7f29600d210598acf06c227",
    "f81b1768a1dfb58c486d3616af8877f934cceca0bd31fbc8c3299d19836e68c1",
    "2d3f121818f93503dbcb7ef2a61565a69e4c4de29b29250fa51b98a353140d59",
