{
  "schema": "kry_level1_sim_summary/v1",
  "label": "MEASURED on a PUBLIC corpus (MBPP) \u2014 NOT real company traffic, NOT an external-counterparty anchor",
  "honest_scope": "MBPP = public benchmark (real tasks, not real company traffic); deployable gate = executed tests (no oracle); net-not-gross; benchmark code is easier than production so the rate is an UPPER bound on the checkable slice; model-pair specific. Mechanism/lever-rate anchor only.",
  "mode": "live_real_api",
  "budget_cap_usd": 6.0,
  "cheap_model": "claude-haiku-4-5-20251001",
  "frontier_model": "claude-opus-4-8",
  "price_basis_usd_per_1M": {
    "claude-haiku-4-5-20251001": [
      1.0,
      5.0
    ],
    "claude-sonnet-4-6": [
      3.0,
      15.0
    ],
    "claude-opus-4-8": [
      15.0,
      75.0
    ]
  },
  "tasks_measured": 60,
  "cheap_test_pass": 50,
  "cheap_adequacy_rate": 0.8333,
  "cheap_adequacy_wilson95": [
    0.7197,
    0.9069
  ],
  "cheap_fail_rows_zeroed": 10,
  "frontier_test_pass": 58,
  "cheap_spend_usd": 0.048858,
  "frontier_spend_usd_measured_baseline": 0.49599,
  "demo_total_spend_usd": 0.544848,
  "measured_net_saving_usd": 0.337571,
  "net_cost_reduction_rate": 0.6806,
  "saving_rule": "sum over cheap-test-pass rows of (frontier_cost - cheap_cost); cheap-fail rows -> $0; verbose-cheap rows that cost more -> negative (net-not-gross).",
  "p0_pass_rows": 50,
  "row_digests": [
    "f0b1cfe6fa235d517ac5ca0dd6f29576ee74fd1d3539b780a1a8fcd800ceaf98",
    "fa0e90fa76b9967e5ef1e84c591f126291c6891a7eaf8ba5e22c416eff1f4d2a",
    "5ad1c8e94983df26594c70a9d0bc7acda6db13df288f95fa83f53e3e44f72db9",
    "62eb67fb5889c87479b44c4222e3f912972b5ab703f9dea0d2f1102379403cb0",
    "d3376a85410602c249525bf3d47d024fbd3e24f04c7fb61333bd2b37421af593",
    "3daf32878bba85be0c8adf1a937039660f6e9d53f4547a80b80cdf6393a3b0b4",
    "16b3f40a2c85c7936f624d703997983984ea3110e8c109d2a346a72bb3565870",
    "7167935069c1b3337b028041589ba4549e3348ffbcbf52236591ccfd2650a619",
    "5bdd11ce4af05a546ed7ed9ed6e861992108ed43676ef68780cf45fccb594ee0",
    "857461505114ce1f3c94111aacda16ea3a5ba68dd92aff984891052fe76395d3",
    "711ec8cabef0ca0a839fc63f5c1834e18eae2e35e35f2465884fa1ab68a9dd2e",
    "d9f2ff93d61020ad9049928802252bf3140c601a5b0805bd3a7e92f654aec21a",
    "555333d41af6e337f8e858d92368c8cf7bfbeecad8feb282360200075412336a",
    "c6097d5726dfbe4e400d6aac6ba16a4170f3ab250e98f32632f8851455f1dfa4",
    "3d75286287bde1163c137f27652162d642e249447fa4204b6c0cb1b9f46287fb",
    "1f2f8231d8ef9c01647e67f8d7cf112cc8723b1a85b38a99669efaeb00c3e33b",
    "72e66470de4c6d79a8539a66848d29a65cc39f6f725fcba321ced703aa7b5a0a",
    "2ec03019a950b983c65149cd197cfeb3ccffdc0e63c4fe9e6b629d83ace8c0ba",
    "56a377bc37cd375296b90adc4b741aa210359d379cd0a8c445ba27d27158709d",
    "cda4f2dd769f6575410621b5cf5b686fdbdede7201102a6132d8c94242d6e98b",
    "e910ad886034df4cb8709e9b7696e8a52112af0f5b35cbf0026cb30b4687434a",
    "b52432f0d48e7ccde3a6c58f962959ceff846b1b34f1ad938d1e564299cff4b4",
    "19dfc96920541b7f02905b52f8aa80870bcc6f3678da61bfdcaf5eab9e24bd09",
    "e0bbfe1e49fd7d7ef334b8e5808f54018a844e3ce3230cea3d0aaed63a8813bb",
    "729394bb7f559811c9d40c887c922e38cc5d781be6ccaed1bdd9ef33bc5c6f58",
    "c64e905281d10a7d2e5031077b8673a2171c5e2920d7078db639ba102d776af1",
    "07d136f77b449255efd117e9b5137bd604d71ceaebabca8cd6882370c68691ea",
    "ed608ee125ce1ca139b31df335effda642c82bab6ad673d5f29afe44fcecc235",
    "76696810f9e19d19880a7eda5c677539dab3bc903fbbc6c74256d48b2cfd6187",
    "816180a0ca8e163f334eb3dbac7bb9bb0fc3da4ca84572b6143a0ecdaad3fe8b",
    "c5b91799ed04d2ba5e9e0a8f9359aa75cc9567ecc83dbdf7008b5a23718bfc22",
    "b6459603ac00b83d9d0af9519ebd1d054d6a5a4a44fd8a8594661e40f0af277d",
    "e0f4f9452435ddf916d6516a8955108d9a5be638023b230dd2e2679d409dbc2e",
    "99daa794814d7ac7c4be4264ab31787142957a89e0745fa25597d3fa46c59d8e",
    "726ae6eb6e836672e27b538a764476293f05d85ce55df172075524c5a23b4cf7",
    "8408bc811b63ebaba6456d8251421a78cc3fad0658da608d419646bd2b0009cc",
    "db772164616760d199b74acf747781fc03532c7f0dfa70e95581c338037a450a",
    "65c0e3076ddf0eb70b16846cb55c94777e001b6614367b0f3c267dd4345ad2fd",
    "6d60cd2ac0aa7678e683ec05f0971da32ae98613b4c6086c657ef8ca522fcabe",
    "eff68d7c66ae6042f2b1f8e7001a39c97ce256a7bca3cf312593b550e54a1865",
    "e1099e1620afc9413478452e56c152c1a80af6652f7ccdb8e05e980683d0a37f",
    "d00ad7f1cf082d612d3e191e82b6093622fd3092a4827ff78e07b1e9c7a4d7cb",
    "46955f33238fb8a906bb4c35e1163af767224ab6591be4e5e49cf7df7a7da09d",
    "fc8163fac3c105415c8db92f9ded6c2900e9f4e5f3b29a7e55323135b3aad6a8",
    "913ed6151c9f36ccb1ecfc6e8572534c02900429f1bf2a22a5674b520887be3e",
    "e68de9ef8423e0d3789c817bcc3b8982ef948f3bdcc0146e84c70d9923993421",
    "ff16955bcd833585a59f13cfc2f348ae1e2dc1648ffa7cde8ef3eb604a66b741",
    "40cbe125744a68ae47fe656b9f5aa21024db0042b9b3360bf52c72be4562add5",
    "6e4a8854f8e8fa5b8bb63ec5478a0392c2e511271f88309d2c8f73ffa21de86e",
    "1a848cb25dfe8fddbb6589863b9daaddf9b135209e1b7fe4161e751e6a845ab2",
    "70257058f997cad128266c461adad83004b5f4392909ccaad3c2997a884cca0c",
    "aee6666fa5a6716de367606903df505b93ca706b0e5ab8ce7d696b6c09dd88f6",
    "feaa459ea919d4e6a845464cba40539f83317034a93a251b44ddedd129f3a553",
    "23cea4972926f1a2b6e003b4ebf700268d841c5c2ce01a7706fef9aa34282647",
    "bf3ba647b81f781ac8556dae6f2af0ae0a142fd581eafb19e7b2bd3d2544f724",
    "dcfae4d2819a6f1513f549f064364ddca5daad05d04153bb1553a95055b6afa6",
    "f1289ebe85fe78a2402b6e9f56f32d652985efb75f32f1eb1436fb326620ad1f",
    "be9cf66c2dd547c309b9c791638e7f8cf24db3c85d2a728e2970939fa838f49e",
    "7845a3b0c947b5b56ecca61716a283148cf574073da3651d8212605949154e5a",
    "b1f42702d8251da9dd5aaddb3b4f6d88d81e37b8711daa4e549df527c2a60fee"
  ]
}